{
  "tracker_broadcast":
   {
    "type": "array",
    "orientation": "horizontal",
    "margin": "0,0",
    "content": [
      {
        "type": "array",
        "orientation": "vertical",
        "margin": "0,0",
        "content": [       
          {
            "type": "container",
            "margin": "0,1,0,0",
            "width": 335,
            "content": {
              "type": "map"
            }
          },      {
            "type": "array",
            "orientation": "horizontal",
            "margin": "0,0",
            "content": [       
              {
                "type": "itemgrid",
                "item_margin": "3,3",
                "v_alignment": "left",
                "item_size": 30,
                "rows": [
                  [ "maxim", "tia", "guy", "selan" ],
                  [ "dekar", "lexis", "artea" ],
                  [ "jelze", "zeppy", "blaze", "gusto"],
                  [ "darbi", "sully", "flash"]
                        ]
              },
              {
                "type": "array",
                "orientation": "vertical",
                "margin": "0,0",
                "content": [
                  {
                    "type": "itemgrid",
                    "item_margin": "3,3",
                    "v_alignment": "left",
                    "item_size": 30,
                    "rows": [
                      [ "b_key_n", "c_key_n", "d_key_n", "f_key_n", "g_key_n" ],
                      [ "h_key_n", "l_key_n", "li_key_n", "m_key_n" ],
                      [ "n_key_n", "r_key_n", "s_key_n", "sw_key_n" ],
                      [ "tree_key_n", "tri_key_n", "tr_key_n", "w_key_n" ]
                            ]
                  }
                ]
              }
            ]
          },
          {
            "type": "array",
            "orientation": "horizontal",
            "margin": "0,0",
            "content": [
              {
                "type": "itemgrid",
                "item_margin": "3,3",
                "v_alignment": "left",
                "item_size": 30,
                "rows": [
                  [ "", "arrow", "bomb",  "hook", "" ],
                  [ "firearrow", "hammer" ]
                    ]
              },
              {
                "type": "array",
                "orientation": "vertical",
                "margin": "0,0",
                "content": [
                  {
                    "type": "itemgrid",
                    "item_margin": "3,3",
                    "v_alignment": "left",
                    "item_size": 30,
                    "rows": [
                      [ "claire", "lisa", "marie" ],
                      [ "mermaid", "engine" ]
                            ]
                                
                  }
                ]
              }
            ]
          }
    
        ]
      }
    ]
  }
}
