{
"tracker_capture_item": {
    "type": "array",
    "orientation": "horizontal",
    "margin": "0,0",
    "content": [

    ]
  },
  "tracker_default": {
    "type": "container",
    "background": "#000000",
    "content": {
      "type": "dock",
      "dropshadow": true,
      "content": [
        {
          "type": "dock",
          "dock": "bottom",
          "content": [
            {
              "type": "group",
              "dock": "left",
              "margin": "0,0,3,0",
              "content": {
                "type": "array",
                "orientation": "horizontal",
                "margin": "0,0",
                "content": [
                  {
                    "type": "itemgrid",
                    "item_margin": "4,4",
                    "h_alignment": "left",
                    "item_size": 30,
                    "rows": [
              [ "maxim", "tia", "guy", "selan" ],
              [ "dekar", "lexis", "artea" ],
              [ "jelze", "zeppy", "blaze", "gusto"],
              [ "darbi", "sully", "flash"]
                                ]
                  }
                ]
              }
            },
            {
              "type": "group",
              "dock": "left",
              "margin": "0,0,3,0",
              "content": {
                "type": "array",
                "orientation": "horizontal",
                "margin": "0,0",
                "content": [
                  {
                    "type": "itemgrid",
                    "item_margin": "3,3",
                    "h_alignment": "left",
                    "item_size": 30,
                    "rows": [
                      [ "claire", "lisa", "marie" ],
                      [ "mermaid", "engine" ],
                      [ "arrow", "bomb",  "hook" ],
                      [ "firearrow", "hammer" ]
                            ]
                  }
                ]
              }
            },
            {
              "type": "group",
              "dock": "left",
              "content": {
                "type": "array",
                "orientation": "horizontal",
                "margin": "0,0",
                "content": [
                  {
                    "type": "itemgrid",
                    "item_margin": "3,3",
                    "v_alignment": "top",
                    "item_size": 32,
                    "rows": [
                      [ "b_key_n", "c_key_n", "d_key_n", "f_key_n", "g_key_n" ],
                      [ "h_key_n", "l_key_n", "li_key_n", "m_key_n" ],
                      [ "n_key_n", "r_key_n", "s_key_n", "sw_key_n" ],
                      [ "tree_key_n", "tri_key_n", "tr_key_n", "w_key_n" ]
                            ]
                  }
                ]
              }
            },
            {
              "type": "group",
              "header": "Pinned Locations",
              "content": {
                "type": "recentpins",
                "style": "wrap",
                "h_alignment": "stretch",
                "v_alignment": "top",
                "orientation": "horizontal",
                "compact": true
              }
            }
          ]
        },
        {
          "type": "tabbed",
          "tabs": [
	          {
              "title": "WorldMap",
              "content": {
                "type": "map",
                "maps": [
                  "worldmap"
                ]
              }
            }
          ]
        }
      ]
    }
  }
}
