{
  "tracker_broadcast":
   {
    "type": "array",
    "orientation": "horizontal",
    "margin": "0,0",
    "content": [
      {
        "type": "array",
        "orientation": "vertical",
        "margin": "0,0",
        "content": [       
          {
            "type": "container",
            "margin": "0,1,0,0",
            "width": 335,
            "content": {
              "type": "map"
            }
          },
          {
            "type": "array",
            "orientation": "horizontal",
            "margin": "0,0",
            "content": [       
              {
                "type": "itemgrid",
                "item_margin": "4,4",
                "v_alignment": "left",
                "item_size": 30,
                "rows": [
                  [ "maxim", "tia", "guy", "selan" ],
                  [ "dekar", "lexis", "artea" ],
                  [ "jelze", "zeppy", "blaze", "gusto"],
                  [ "darbi", "sully", "flash"]
                        ]
              },
              {
                "type": "array",
                "orientation": "vertical",
                "margin": "0,0",
                "content": [
                  {
                    "type": "itemgrid",
                    "item_margin": "3,3",
                    "v_alignment": "left",
                    "item_size": 30,
                    "rows": [
                      [ "claire", "lisa", "marie" ],
                      [ "mermaid", "engine" ],
                      [ "arrow", "bomb",  "hook" ],
                      [ "firearrow", "hammer" ]
                                ]
                  }
                ]
              },
              {
                "type": "array",
                "orientation": "vertical",
                "margin": "0,0",
                "content": [
                  {
                    "type": "itemgrid",
                    "item_margin": "3,3",
                    "v_alignment": "left",
                    "item_size": 30,
                    "rows": [
                      [ "dun_key", "moun_key" ],
                      [ "sh_key", "to_key" ]
                            ]
                  }
                ]
              }
            ]
          }    
        ]
      }
    ]
  }
}
