[
  {
    "name": "Engine/Airship",
    "type": "toggle",
    "loop": true,
    "img": "images/tools/airship.png",
    "codes": "airship"
  },
  {
    "name": "Arrow",
    "type": "toggle",
    "loop": true,
    "img": "images/tools/arrow.png",
    "codes": "arrow"
  },
  {
    "name": "Blue Chest",
    "type": "toggle",
    "loop": true,
    "img": "images/item/BchestClose.png",
    "codes": "bchest"
  },
  {
    "name": "Bomb",
    "type": "toggle",
    "loop": true,
    "img": "images/tools/Bomb.png",
    "codes": "bomb"
  },
  {
    "name": "Hammer",
    "type": "toggle",
    "loop": true,
    "img": "images/tools/chainball.png",
    "codes": "hammer"
  },
  {
    "name": "Engine/Airship",
    "type": "toggle",
    "loop": true,
    "img": "images/item/engine.png",
    "codes": "engine"
  },
  {
    "name": "Fire Arrow",
    "type": "toggle",
    "loop": true,
    "img": "images/tools/firearrow.png",
    "codes": "firearrow"
  },
  {
    "name": "Basement Key",
    "type": "toggle",
    "loop": true,
    "img": "images/item/basement_key.png",
    "codes": "b_key"
  },
  {
    "name": "Cloud Key",
    "type": "toggle",
    "loop": true,
    "img": "images/item/cloud_key.png",
    "codes": "c_key"
  },
  {
    "name": "Dankirk Key",
    "type": "toggle",
    "loop": true,
    "img": "images/item/dankirk_key.png",
    "codes": "d_key"
  },
  {
    "name": "Flower Key",
    "type": "toggle",
    "loop": true,
    "img": "images/item/Flower_key.png",
    "codes": "f_key"
  },
  {
    "name": "Ghost Key",
    "type": "toggle",
    "loop": true,
    "img": "images/item/ghost_key.png",
    "codes": "g_key"
  },
  {
    "name": "Heart Key",
    "type": "toggle",
    "loop": true,
    "img": "images/item/heart_key.png",
    "codes": "h_key"
  },
  {
    "name": "Lake Key",
    "type": "toggle",
    "loop": true,
    "img": "images/item/lake_key.png",
    "codes": "l_key"
  },
  {
    "name": "Light Key",
    "type": "toggle",
    "loop": true,
    "img": "images/item/light_key.png",
    "codes": "li_key"
  },
  {
    "name": "Magma Key",
    "type": "toggle",
    "loop": true,
    "img": "images/item/Magma_key.png",
    "codes": "m_key"
  },
  {
    "name": "Narcysus Key",
    "type": "toggle",
    "loop": true,
    "img": "images/item/narcysus_key.png",
    "codes": "n_key"
  },
  {
    "name": "Ruby Key",
    "type": "toggle",
    "loop": true,
    "img": "images/item/ruby_key.png",
    "codes": "r_key"
  },
  {
    "name": "Sky Key",
    "type": "toggle",
    "loop": true,
    "img": "images/item/sky_key.png",
    "codes": "s_key"
  },
  {
    "name": "Sword Key",
    "type": "toggle",
    "loop": true,
    "img": "images/item/sword_key.png",
    "codes": "sw_key"
  },
    {
    "name": "Tree Key",
    "type": "toggle",
    "loop": true,
    "img": "images/item/tree_key.png",
    "codes": "tree_key"
  },
  {
    "name": "Trial Key",
    "type": "toggle",
    "loop": true,
    "img": "images/item/trial_key.png",
    "codes": "tri_key"
  },
  {
    "name": "Truth Key",
    "type": "toggle",
    "loop": true,
    "img": "images/item/truth_key.png",
    "codes": "tr_key"
  },
  {
    "name": "Wind Key",
    "type": "toggle",
    "loop": true,
    "img": "images/item/wind_key.png",
    "codes": "w_key"
  },
  {
    "name": "Mermaid Jade/Submarine",
    "type": "toggle",
    "loop": true,
    "img": "images/item/mermaid_jade.png",
    "codes": "mermaid"
  },
  {
    "name": "Red Chest",
    "type": "toggle",
    "loop": true,
    "img": "images/item/RchestClose.png",
    "codes": "rchest"
  },
  {
    "name": "Red Chest Open",
    "type": "toggle",
    "loop": true,
    "img": "images/item/RchestOpen.png",
    "codes": "rchestopen"
  },
  {
    "name": "Mermaid Jade/Submarine",
    "type": "toggle",
    "loop": true,
    "img": "images/tools/submarine.png",
    "codes": "submarine"
  },
  {
    "name": "Hook",
    "type": "toggle",
    "loop": true,
    "img": "images/tools/hook.png",
    "codes": "hook"
  },
  {
    "name": "Claire",
    "type": "toggle",
    "loop": true,
    "img": "images/item/claire.png",
    "codes": "claire"
  },
  {
    "name": "Lisa",
    "type": "toggle",
    "loop": true,
    "img": "images/item/marie.png",
    "codes": "lisa"
  },
  {
    "name": "Marie",
    "type": "toggle",
    "loop": true,
    "img": "images/item/lisa.png",
    "codes": "marie"
  },
  {
    "name": "Artea",
    "type": "progressive",
    "loop": true,
    "stages":[
      {
    "img": "images/character/arty.png",
    "codes": "artea"
      },
      {
    "img": "images/character/artydown.png"
      }
    ]
  },
  {
    "name": "Dekar",
    "type": "progressive",
    "loop": true,
    "stages":[
      {
    "img": "images/character/dekar.png",
    "codes": "dekar"
      },
      {
    "img": "images/character/dekardown.png"
      }
    ]
  },
  {
    "name": "Guy",
    "type": "progressive",
    "loop": true,
    "stages":[
      {
    "img": "images/character/guy.png",
    "codes": "guy"
      },
      {
    "img": "images/character/guydown.png"
      }
    ]
  },
  {
    "name": "Lexis",
    "type": "progressive",
    "loop": true,
    "stages":[
      {
    "img": "images/character/lexis.png",
    "codes": "lexis"
      },
      {
    "img": "images/character/lexisdown.png"
      }
    ]
  }, 
  {
    "name": "Maxim",
    "type": "progressive",
    "loop": true,
    "stages":[
      {
    "img": "images/character/maxim.png",
    "codes": "maxim"
      },
      {
    "img": "images/character/maxdown.png"
      }
    ]
  },
  {
    "name": "Selan",
    "type": "progressive",
    "loop": true,
    "stages":[
      {
    "img": "images/character/selan.png",
    "codes": "selan"
      },
      {
    "img": "images/character/selandown.png"
      }
    ]
  },  {
    "name": "Tia",
    "type": "progressive",
    "loop": true,
    "stages":[
      {
    "img": "images/character/tia.png",
    "codes": "tia"
      },
      {
    "img": "images/character/tiadown.png"
      }
    ]
  },
  {
    "name": "Blaze",
    "type": "toggle",
    "loop": true,
    "img": "images/capsules/blaze.png",
    "codes": "blaze"
  },
  {
    "name": "Darbi",
    "type": "toggle",
    "loop": true,
    "img": "images/capsules/darbi.png",
    "codes": "darbi"
  },
  {
    "name": "Flash",
    "type": "toggle",
    "loop": true,
    "img": "images/capsules/flash.png",
    "codes": "flash"
  },
  {
    "name": "Gusto",
    "type": "toggle",
    "loop": true,
    "img": "images/capsules/gusto.png",
    "codes": "gusto"
  },
  {
    "name": "Jelze",
    "type": "toggle",
    "loop": true,
    "img": "images/capsules/jelze.png",
    "codes": "jelze"
  },
  {
    "name": "Sully",
    "type": "toggle",
    "loop": true,
    "img": "images/capsules/sully.png",
    "codes": "sully"
  },
  {
    "name": "Zeppy",
    "type": "toggle",
    "loop": true,
    "img": "images/capsules/zeppy.png",
    "codes": "zeppy"
  },
  {
    "name": "Basement Key",
    "type": "toggle",
    "loop": true,
    "img": "images/key_name/basement_key.png",
    "codes": "b_key_n"
  },
  {
    "name": "Cloud Key",
    "type": "toggle",
    "loop": true,
    "img": "images/key_name/cloud_key.png",
    "codes": "c_key_n"
  },
  {
    "name": "Dankirk Key",
    "type": "toggle",
    "loop": true,
    "img": "images/key_name/dankirk_key.png",
    "codes": "d_key_n"
  },
  {
    "name": "Flower Key",
    "type": "toggle",
    "loop": true,
    "img": "images/key_name/Flower_key.png",
    "codes": "f_key_n"
  },
  {
    "name": "Ghost Key",
    "type": "toggle",
    "loop": true,
    "img": "images/key_name/ghost_key.png",
    "codes": "g_key_n"
  },
  {
    "name": "Heart Key",
    "type": "toggle",
    "loop": true,
    "img": "images/key_name/heart_key.png",
    "codes": "h_key_n"
  },
  {
    "name": "Lake Key",
    "type": "toggle",
    "loop": true,
    "img": "images/key_name/lake_key.png",
    "codes": "l_key_n"
  },
  {
    "name": "Light Key",
    "type": "toggle",
    "loop": true,
    "img": "images/key_name/light_key.png",
    "codes": "li_key_n"
  },
  {
    "name": "Magma Key",
    "type": "toggle",
    "loop": true,
    "img": "images/key_name/Magma_key.png",
    "codes": "m_key_n"
  },
  {
    "name": "Narcysus Key",
    "type": "toggle",
    "loop": true,
    "img": "images/key_name/narcysus_key.png",
    "codes": "n_key_n"
  },
  {
    "name": "Ruby Key",
    "type": "toggle",
    "loop": true,
    "img": "images/key_name/ruby_key.png",
    "codes": "r_key_n"
  },
  {
    "name": "Sky Key",
    "type": "toggle",
    "loop": true,
    "img": "images/key_name/sky_key.png",
    "codes": "s_key_n"
  },
  {
    "name": "Sword Key",
    "type": "toggle",
    "loop": true,
    "img": "images/key_name/sword_key.png",
    "codes": "sw_key_n"
  },
  {
    "name": "Tree Key",
    "type": "toggle",
    "loop": true,
    "img": "images/key_name/tree_key.png",
    "codes": "tree_key_n"
  },
  {
    "name": "Trial Key",
    "type": "toggle",
    "loop": true,
    "img": "images/key_name/trial_key.png",
    "codes": "tri_key_n"
  },
  {
    "name": "Truth Key",
    "type": "toggle",
    "loop": true,
    "img": "images/key_name/truth_key.png",
    "codes": "tr_key_n"
  },
  {
    "name": "Wind Key",
    "type": "toggle",
    "loop": true,
    "img": "images/key_name/wind_key.png",
    "codes": "w_key_n"
  }
]