[
  {
    "name": "All Location",
    "children":
    [
      {
         "name": "west side",
				 "color": "#609040",
         "access_rules": 
          [
           ""
          ],
           "children":
           [
              {
               "name": "Skill Cave",
               "access_rules":
                [
                 "arrow", "firearrow", "hook"
                ],
                "sections":
                [
                  {
                    "name": "Boss",
                    "chest_unopened_img": "images/item/RchestClose.png",
                    "chest_opened_img": "images/item/RchestOpen.png",
                    "item_count": 1
                  }
                ],
                "map_locations":
                [
                  {
                    "map": "worldmap",
                    "x": 700,
                    "y": 3600
                  }
                ]
              },
              {
                "name": "Sundletan Cave",
                "access_rules":
                 [
                  ""
                 ],
                 "sections":
                 [
                   {
                     "name": "Boss",
                     "chest_unopened_img": "images/item/RchestClose.png",
                     "chest_opened_img": "images/item/RchestOpen.png",
                     "item_count": 1
                   }
                 ],
                 "map_locations":
                 [
                   {
                     "map": "worldmap",
                     "x": 750,
                     "y": 3200
                   }
                 ]
               },
               {
                "name": "Lake Cave",
                "access_rules":
                 [
                  "l_key, arrow", "l_key, firearrow", "l_key, hook", "l_key_n, arrow", "l_key_n, firearrow", "l_key_n, hook"
                 ],
                 "sections":
                 [
                   {
                     "name": "Boss",
                     "chest_unopened_img": "images/item/RchestClose.png",
                     "chest_opened_img": "images/item/RchestOpen.png",
                     "item_count": 1
                   }
                 ],
                 "map_locations":
                 [
                   {
                     "map": "worldmap",
                     "x": 820,
                     "y": 2950
                   }
                 ]
               },
               {
                "name": "Foomy Woods",
                "access_rules":
                 [
                  ""
                 ],
                 "sections":
                 [
                   {
                     "name": "foomy check",
                     "chest_unopened_img": "images/item/RchestClose.png",
                     "chest_opened_img": "images/item/RchestOpen.png",
                     "item_count": 1
                   }
                 ],
                 "map_locations":
                 [
                   {
                     "map": "worldmap",
                     "x": 570,
                     "y": 3050
                   }
                 ]
               },
               {
                "name": "Alunze Basement",
                "access_rules":
                 [
                  "bomb", "hammer"
                 ],
                 "sections":
                 [
                   {
                     "name": "Boss",
                     "chest_unopened_img": "images/item/RchestClose.png",
                     "chest_opened_img": "images/item/RchestOpen.png",
                     "item_count": 1
                   }
                 ],
                 "map_locations":
                 [
                   {
                     "map": "worldmap",
                     "x": 550,
                     "y": 2450
                   }
                 ]
               },
               {
                "name": "Alunze Northwest Cave",
                "access_rules":
                 [
                  "bomb", "hammer"
                 ],
                 "sections":
                 [
                   {
                     "name": "Boss",
                     "chest_unopened_img": "images/item/RchestClose.png",
                     "chest_opened_img": "images/item/RchestOpen.png",
                     "item_count": 1
                   }
                 ],
                 "map_locations":
                 [
                   {
                     "map": "worldmap",
                     "x": 300,
                     "y": 2400
                   }
                 ]
               },
               {
                "name": "Tanbel Southeast Tower",
                "access_rules":
                 [
                  "s_key", "s_key_n"
                 ],
                 "sections":
                 [
                   {
                     "name": "Boss",
                     "chest_unopened_img": "images/item/RchestClose.png",
                     "chest_opened_img": "images/item/RchestOpen.png",
                     "item_count": 1
                   }
                 ],
                 "map_locations":
                 [
                   {
                     "map": "worldmap",
                     "x": 1250,
                     "y": 2350
                   }
                 ]
               },
               {
                "name": "Ruby Cave",
                "access_rules":
                 [
                  ""
                 ],
                 "sections":
                 [
                   {
                     "name": "Capsule Monster check",
                     "access_rules": [ "bomb", "hammer" ],
                     "chest_unopened_img": "images/item/RchestClose.png",
                     "chest_opened_img": "images/item/RchestOpen.png",
                     "item_count": 1
                   },
                  {
                    "name": "Boss",
                    "access_rules": [ "r_key", "r_key_n" ],
                    "chest_unopened_img": "images/item/RchestClose.png",
                    "chest_opened_img": "images/item/RchestOpen.png",
                    "item_count": 1
                  }
                 ],
                 "map_locations":
                 [
                   {
                     "map": "worldmap",
                     "x": 1330,
                     "y": 1750
                   }
                 ]
               },
               {
                "name": "Treasure Sword Shrine",
                "access_rules":
                 [
                  "sw_key, bomb", "sw_key_n, bomb"
                 ],
                 "sections":
                 [
                   {
                     "name": "Boss",
                     "chest_unopened_img": "images/item/RchestClose.png",
                     "chest_opened_img": "images/item/RchestOpen.png",
                     "item_count": 1
                   }
                 ],
                 "map_locations":
                 [
                   {
                     "map": "worldmap",
                     "x": 1050,
                     "y": 1400
                   }
                 ]
               },
               {
                "name": "North Lighthouse",
                "access_rules":
                 [
                  "li_key", "li_key_n"
                 ],
                 "sections":
                 [
                   {
                     "name": "Boss",
                     "chest_unopened_img": "images/item/RchestClose.png",
                     "chest_opened_img": "images/item/RchestOpen.png",
                     "item_count": 1
                   }
                 ],
                 "map_locations":
                 [
                   {
                     "map": "worldmap",
                     "x": 1400,
                     "y": 1350
                   }
                 ]
               },

               {
                "name": "Gordovan West Tower",
                "access_rules":
                 [
                  "bomb, hook, w_key", "bomb, hook, w_key_n"

                 ],
                 "sections":
                 [
                   {
                     "name": "Boss",
                     "chest_unopened_img": "images/item/RchestClose.png",
                     "chest_opened_img": "images/item/RchestOpen.png",
                     "item_count": 1
                   }
                 ],
                 "map_locations":
                 [
                   {
                     "map": "worldmap",
                     "x": 460,
                     "y": 1850
                   }
                 ]
               },
               {
                "name": "Bridge Cave",
                "access_rules":
                 [
                  "bomb, hook", "hammer, hook"
                 ],
                 "sections":
                 [
                   {
                     "name": "Boss",
                     "chest_unopened_img": "images/item/RchestClose.png",
                     "chest_opened_img": "images/item/RchestOpen.png",
                     "item_count": 1
                   }
                 ],
                 "map_locations":
                 [
                   {
                     "map": "worldmap",
                     "x": 480,
                     "y": 1200
                   }
                 ]
               },
               {
                "name": "North Labyrinth",
                "access_rules":
                 [
                  "hook"
                 ],
                 "sections":
                 [
                  {
                    "name": "Capsule Monster check",
                    "chest_unopened_img": "images/item/RchestClose.png",
                    "chest_opened_img": "images/item/RchestOpen.png",
                    "item_count": 1
                  },
                   {
                     "name": "Boss",
                     "access_rules": [ "bomb" ],
                     "chest_unopened_img": "images/item/RchestClose.png",
                     "chest_opened_img": "images/item/RchestOpen.png",
                     "item_count": 1
                   }
                 ],
                 "map_locations":
                 [
                   {
                     "map": "worldmap",
                     "x": 575,
                     "y": 700
                   }
                 ]
               },
               {
                "name": "Ancient Tower",
                "access_rules":
                 [
                  "bomb, hook, c_key", "hammer, hook, c_key", "bomb, hook, c_key_n", "hammer, hook, c_key_n"
                 ],
                 "sections":
                 [
                   {
                     "name": "Boss",
                     "chest_unopened_img": "images/item/RchestClose.png",
                     "chest_opened_img": "images/item/RchestOpen.png",
                     "item_count": 1
                   }
                 ],
                 "map_locations":
                 [
                   {
                     "map": "worldmap",
                     "x": 1000,
                     "y": 900
                   }
                 ]
               },
               {
                "name": "Phantom Tree Mountain",
                "access_rules":
                 [
                  "bomb, hook, firearrow, tree_key", "bomb, hook, firearrow, tree_key_n"
                 ],
                 "sections":
                 [
                   {
                     "name": "Boss",
                     "chest_unopened_img": "images/item/RchestClose.png",
                     "chest_opened_img": "images/item/RchestOpen.png",
                     "item_count": 1
                   }
                 ],
                 "map_locations":
                 [
                   {
                     "map": "worldmap",
                     "x": 1100,
                     "y": 600
                   }
                 ]
               },
               {
                "name": "Capsule Monster Cave",
                "access_rules":
                 [
                  "mermaid"
                 ],
                 "sections":
                 [
                   {
                     "name": "Boss",
                     "chest_unopened_img": "images/item/RchestClose.png",
                     "chest_opened_img": "images/item/RchestOpen.png",
                     "item_count": 1
                   }
                 ],
                 "map_locations":
                 [
                   {
                     "map": "worldmap",
                     "x": 960,
                     "y": 1820
                   }
                 ]
               }
           ]
       },
      {
        "name": "East side",
        "color": "#609040",
        "access_rules": 
         [
          ""
         ],
          "children":
          [
             {
              "name": "Tower of Sacrifice",
              "access_rules":
               [
                 "n_key", "n_key_n"
               ],
               "sections":
               [
                  {
                  "name": "Capsule Monster check",
                  "access_rules": [ "hook, bomb", "hook, hammer" ],
                  "chest_unopened_img": "images/item/RchestClose.png",
                  "chest_opened_img": "images/item/RchestOpen.png",
                  "item_count": 1
                  },
                 {
                   "name": "Boss",
        				   "access_rules": [ "hook, bomb" ],
                   "chest_unopened_img": "images/item/RchestClose.png",
                   "chest_opened_img": "images/item/RchestOpen.png",
                   "item_count": 1
                 }
               ],
               "map_locations":
               [
                 {
                   "map": "worldmap",
                   "x": 2100,
                   "y": 600
                 }
               ]
             },
             {
               "name": "Karlloon North Shrine",
               "access_rules":
                [
                 "bomb, hook"
                ],
                "sections":
                [
                  {
                    "name": "Boss",
                    "chest_unopened_img": "images/item/RchestClose.png",
                    "chest_opened_img": "images/item/RchestOpen.png",
                    "item_count": 1
                  }
                ],
                "map_locations":
                [
                  {
                    "map": "worldmap",
                    "x": 2500,
                    "y": 600
                  }
                ]
              },
              {
               "name": "Lexis Shaia Laboratory",
               "access_rules":
                [
                 ""
                ],
                "sections":
                [
                  {
                    "name": "Boss",
                    "chest_unopened_img": "images/item/RchestClose.png",
                    "chest_opened_img": "images/item/RchestOpen.png",
                    "item_count": 1
                  }
                ],
                "map_locations":
                [
                  {
                    "map": "worldmap",
                    "x": 2900,
                    "y": 600
                  }
                ]
              },
              {
               "name": "Flower Mountain",
               "access_rules":
                [
                 "hammer"
                ],
                "sections":
                [
                  {
                    "name": "Capsule Monster check",
                    "access_rules": [ "hook" ],
                    "chest_unopened_img": "images/item/RchestClose.png",
                    "chest_opened_img": "images/item/RchestOpen.png",
                    "item_count": 1
                  },
                   {
                     "name": "Boss",
                     "access_rules": [ "f_key", "f_key_n" ],
                     "chest_unopened_img": "images/item/RchestClose.png",
                     "chest_opened_img": "images/item/RchestOpen.png",
                     "item_count": 1
                   }
                 ],
                "map_locations":
                [
                  {
                    "map": "worldmap",
                    "x": 2950,
                    "y": 1100
                  }
                ]
              },
              {
               "name": "Dankirk North Cave",
               "access_rules":
                [
                 "bomb, hook, d_key", "bomb, hook, d_key_n"
                ],
                "sections":
                [
                  {
                    "name": "Boss",
                    "chest_unopened_img": "images/item/RchestClose.png",
                    "chest_opened_img": "images/item/RchestOpen.png",
                    "item_count": 1
                  }
                ],
                "map_locations":
                [
                  {
                    "map": "worldmap",
                    "x": 3300,
                    "y": 1000
                  }
                ]
              },
              {
               "name": "Northeast Tower",
               "access_rules":
                [
                 "hook, hammer, tri_key", "hook, hammer, tri_key_n"
                ],
                "sections":
                [
                  {
                    "name": "Boss",
                    "chest_unopened_img": "images/item/RchestClose.png",
                    "chest_opened_img": "images/item/RchestOpen.png",
                    "item_count": 1
                  }
                ],
                "map_locations":
                [
                  {
                    "map": "worldmap",
                    "x": 3550,
                    "y": 1700
                  }
                ]
              },
              {
               "name": "Mountain Of No Return",
               "access_rules":
                [
                 ""
                ],
                "sections":
                [
                  {
                    "name": "Boss",
                    "chest_unopened_img": "images/item/RchestClose.png",
                    "chest_opened_img": "images/item/RchestOpen.png",
                    "item_count": 1
                  }
                ],
                "map_locations":
                [
                  {
                    "map": "worldmap",
                    "x": 3700,
                    "y": 3100
                  }
                ]
              },
              {
               "name": "Divine Shrine",
               "access_rules":
                [
                 "h_key, hook, hammer", "h_key_n, hook, hammer"
                ],
                "sections":
                [
                 {
                   "name": "Boss",
                   "chest_unopened_img": "images/item/RchestClose.png",
                   "chest_opened_img": "images/item/RchestOpen.png",
                   "item_count": 1
                 }
                ],
                "map_locations":
                [
                  {
                    "map": "worldmap",
                    "x": 3250,
                    "y": 3450
                  }
                ]
              },
              {
               "name": "Gratze Castle",
               "access_rules":
                [
                  "b_key, engine, arrow", "b_key, engine, firearrow", "b_key, engine, hook", "b_key, mermaid, arrow", "b_key, mermaid, firearrow", "b_key, mermaid, hook", "bomb, hook, d_key, b_key", "b_key_n, engine, arrow", "b_key_n, engine, firearrow", "b_key_n, engine, hook", "b_key_n, mermaid, arrow", "b_key_n, mermaid, firearrow", "b_key_n, mermaid, hook", "bomb, hook, d_key, b_key_n"
                ],
                "sections":
                [
                  {
                    "name": "Boss",
                    "chest_unopened_img": "images/item/RchestClose.png",
                    "chest_opened_img": "images/item/RchestOpen.png",
                    "item_count": 1
                  }
                ],
                "map_locations":
                [
                  {
                    "map": "worldmap",
                    "x": 3200,
                    "y": 600
                  }
                ]
              },
              {
                "name": "Doom Island",
                "access_rules":
                 [
                  "claire, lisa, marie, engine"
                 ],
                 "sections":
                 [
                   {
                     "name": "Boss",
                     "chest_unopened_img": "images/item/RchestClose.png",
                     "chest_opened_img": "images/item/RchestOpen.png",
                     "item_count": 1
                   }
                 ],
                 "map_locations":
                 [
                   {
                     "map": "worldmap",
                     "x": 3350,
                     "y": 2700
                   }
                 ]
               } 
          ]
      },
      {
        "name": "islands",
        "color": "#609040",
        "access_rules": 
         [
          ""
         ],
          "children":
          [
             {
              "name": "Shrine Of Vengeance",
              "access_rules":
               [
                "g_key, mermaid, bomb, hammer", "g_key_n, mermaid, bomb, hammer"
               ],
               "sections":
               [
                 {
                   "name": "Boss",
                   "chest_unopened_img": "images/item/RchestClose.png",
                   "chest_opened_img": "images/item/RchestOpen.png",
                   "item_count": 1
                 }
               ],
               "map_locations":
               [
                 {
                   "map": "worldmap",
                   "x": 2650,
                   "y": 3170
                 }
               ]
             },
             {
               "name": "Tower of Truth",
               "access_rules":
                [
                 "tr_key, hook, bomb", "tr_key, hook, hammer", "tr_key_n, hook, bomb", "tr_key_n, hook, hammer"
                ],
                "sections":
                [
                  {
                    "name": "Boss",
                    "chest_unopened_img": "images/item/RchestClose.png",
                    "chest_opened_img": "images/item/RchestOpen.png",
                    "item_count": 1
                  }
                ],
                "map_locations":
                [
                  {
                    "map": "worldmap",
                    "x": 2500,
                    "y": 3650
                  }
                ]
              },
              {
               "name": "Dragon Mountain",
               "access_rules":
                [
                 "m_key, hook, hammer, firearrow, engine", "m_key, hook, hammer, firearrow, mermaid", "m_key_n, hook, hammer, firearrow, engine", "m_key_n, hook, hammer, firearrow, mermaid"
                ],
                "sections":
                [
                  {
                    "name": "Boss",
                    "chest_unopened_img": "images/item/RchestClose.png",
                    "chest_opened_img": "images/item/RchestOpen.png",
                    "item_count": 1
                  }
                ],
                "map_locations":
                [
                  {
                    "map": "worldmap",
                    "x": 1750,
                    "y": 3750
                  }
                ]
              },
              {
               "name": "Submarine Cave",
               "access_rules":
                [
                 "mermaid"
                ],
                "sections":
                [
                   {
                     "name": "Boss",
                     "chest_unopened_img": "images/item/RchestClose.png",
                     "chest_opened_img": "images/item/RchestOpen.png",
                     "item_count": 1
                   }
                 ],
                "map_locations":
                [
                  {
                    "map": "worldmap",
                    "x": 2100,
                    "y": 2220
                  }
                ]
              },
              {
               "name": "Kamirno",
               "access_rules":
                [
                  "engine"
                ],
                "sections":
                [
                  {
                    "name": "Boss",
                    "chest_unopened_img": "images/item/RchestClose.png",
                    "chest_opened_img": "images/item/RchestOpen.png",
                    "item_count": 1
                  }
                ],
                "map_locations":
                [
                  {
                    "map": "worldmap",
                    "x": 2000,
                    "y": 2100
                  }
                ]
              },
              {
               "name": "Strahda",
               "access_rules":
                [
                  "engine"
                ],
                "sections":
                [
                  {
                    "name": "Boss",
                    "chest_unopened_img": "images/item/RchestClose.png",
                    "chest_opened_img": "images/item/RchestOpen.png",
                    "item_count": 1
                  }
                ],
                "map_locations":
                [
                  {
                    "map": "worldmap",
                    "x": 2250,
                    "y": 2150
                  }
                ]
              },
              {
               "name": "Shuman",
               "access_rules":
                [
                  "engine"
                ],
                "sections":
                [
                  {
                    "name": "Boss",
                    "chest_unopened_img": "images/item/RchestClose.png",
                    "chest_opened_img": "images/item/RchestOpen.png",
                    "item_count": 1
                  }
                ],
                "map_locations":
                [
                  {
                    "map": "worldmap",
                    "x": 2075,
                    "y": 2350
                  }
                ]
              },
              {
               "name": "Capsule Monster Shrine",
               "access_rules":
                [
                 ""
                ],
                "sections":
                [
                 {
                   "name": "Boss",
                   "chest_unopened_img": "images/item/RchestClose.png",
                   "chest_opened_img": "images/item/RchestOpen.png",
                   "item_count": 1
                 }
                ],
                "map_locations":
                [
                  {
                    "map": "worldmap",
                    "x": 2300,
                    "y": 2950
                  }
                ]
              }
          ]
      }
    ]      
  } 
]